B0,Chinese
B1,Chinese
B3,Chinese
B4,Chinese
B8,Chinese
B10,Chinese
B11,Chinese
B12,Chinese
B13,Chinese
B14,Mexican
B15,Chinese
B16,Mexican
B17,Chinese
B18,Mexican
B19,Mexican
B20,Chinese
B21,Chinese
B22,Chinese
B23,Chinese
B24,Chinese
B25,Chinese
B27,Chinese
B28,Chinese
B29,Chinese
B30,Mexican
B32,Chinese
B33,Chinese
B34,Mexican
B35,Chinese
B36,Mexican
B37,Chinese
B40,Chinese
B41,Mexican
B42,Chinese
B43,Chinese
B44,Chinese
B45,Chinese
B46,Chinese
B47,Chinese
B48,Mexican
B49,Mexican
B50,Chinese
B51,Chinese
B53,Chinese
B54,Chinese
B55,Mexican
B56,Chinese
B57,Mexican
B58,Chinese
B59,Chinese
B60,Chinese
B63,Chinese
B64,Chinese
B65,Mexican
B66,Mexican
B67,Mexican
B68,Mexican
B69,Chinese
B70,Mexican
B71,Chinese
B72,Chinese
B73,Chinese
B74,Mexican
B75,Chinese
B76,Mexican
B77,Mexican
B78,Mexican
B79,Chinese
B80,Chinese
B82,Mexican
B84,Chinese
B85,Chinese
B86,Mexican
B87,Mexican
B88,Chinese
B89,Chinese
B90,Chinese
B91,Chinese
B92,Mexican
B93,Chinese
B95,Chinese
B97,Mexican
B98,Chinese
B99,Chinese
B101,Mexican
B102,Mexican
B103,Chinese
B104,Chinese
B108,Chinese
B109,Mexican
B111,Mexican
B112,Mexican
B113,Chinese
B114,Chinese
B116,Mexican
B117,Mexican
B118,Mexican
B120,Mexican
B121,Mexican
B122,Chinese
B123,Mexican
B124,Chinese
B125,Mexican
B126,Mexican
B127,Mexican
B128,Mexican
B130,Mexican
B131,Chinese
B133,Mexican
B134,Mexican
B135,Mexican
B140,Mexican
B141,Chinese
B142,Mexican
B143,Mexican
B144,Chinese
B145,Chinese
B146,Mexican
B147,Mexican
B148,Mexican
B149,Mexican
B150,Chinese
B151,Mexican
B153,Mexican
B154,Mexican
B155,Mexican
B156,Chinese
B157,Mexican
B158,Chinese
B159,Mexican
B163,Mexican
B165,Mexican
B167,Mexican
B168,Chinese
B169,Mexican
B171,Mexican
B172,Chinese
B173,Mexican
B174,Mexican
B175,Mexican
B176,Mexican
B177,Mexican
B178,Mexican
B179,Chinese
B180,Chinese
B182,Mexican
B183,Chinese
B184,Chinese
B185,Chinese
B187,Mexican
B188,Chinese
B189,Mexican
B190,Mexican
B191,Chinese
B192,Chinese
B193,Chinese
B194,Chinese
B195,Chinese
B196,Chinese
B197,Mexican
B198,Mexican
B200,Mexican
B202,Chinese
B203,Mexican
B204,Mexican
B205,Chinese
B206,Mexican
B207,Mexican
B208,Chinese
B209,Chinese
B210,Chinese
B211,Mexican
B212,Chinese
B213,Mexican
B216,Mexican
B217,Mexican
B218,Mexican
B219,Mexican
B220,Mexican
B221,Mexican
B222,Mexican
B223,Chinese
B224,Mexican
B225,Chinese
B226,Chinese
B228,Chinese
B229,Chinese
B230,Chinese
B233,Mexican
B234,Chinese
B235,Mexican
B236,Mexican
B238,Chinese
B239,Mexican
B240,Mexican
B241,Mexican
B243,Chinese
B244,Mexican
B245,Mexican
B246,Mexican
B247,Mexican
B248,Mexican
B250,Mexican
B251,Mexican
B252,Mexican
B253,Chinese
B255,Mexican
B261,Mexican
B262,Mexican
B263,Mexican
B264,Mexican
B266,Mexican
B267,Chinese
B268,Chinese
B269,Mexican
B271,Mexican
B272,Chinese
B273,Chinese
B275,Mexican
B276,Chinese
B277,Mexican
B278,Chinese
B279,Chinese
B280,Chinese
B281,Chinese
B282,Mexican
B283,Mexican
B285,Mexican
B286,Chinese
B287,Mexican
B288,Mexican
B289,Mexican
B291,Chinese
B292,Mexican
B294,Mexican
B295,Chinese
B296,Mexican
B298,Mexican
B299,Mexican
B301,Mexican
B304,Mexican
B305,Chinese
B306,Chinese
B307,Mexican
B309,Chinese
B310,Mexican
B311,Mexican
B312,Chinese
B313,Mexican
B314,Chinese
B316,Mexican
B317,Mexican
B318,Mexican
B319,Mexican
B320,Chinese
B321,Mexican
B322,Mexican
B323,Chinese
B326,Mexican
B327,Mexican
B328,Chinese
B329,Chinese
B330,Chinese
B331,Chinese
B332,Mexican
B334,Mexican
B335,Chinese
B336,Chinese
B338,Mexican
B339,Mexican
B340,Mexican
B341,Mexican
B342,Chinese
B344,Mexican
B345,Chinese
B346,Mexican
B348,Chinese
B349,Chinese
B351,Mexican
B352,Chinese
B353,Mexican
B354,Chinese
B355,Mexican
B356,Mexican
B357,Mexican
B358,Mexican
B359,Mexican
B360,Chinese
B362,Mexican
B363,Mexican
B364,Mexican
B365,Mexican
B366,Mexican
B367,Chinese
B369,Mexican
B370,Mexican
B371,Chinese
B372,Chinese
B374,Chinese
B375,Mexican
B376,Mexican
B377,Mexican
B378,Mexican
B380,Mexican
B381,Mexican
B382,Chinese
B383,Chinese
B385,Mexican
B386,Mexican
B388,Mexican
B390,Mexican
B391,Mexican
B392,Chinese
B393,Mexican
B394,Chinese
B395,Mexican
B396,Chinese
B397,Chinese
B398,Mexican
B400,Mexican
B401,Mexican
B402,Mexican
B403,Mexican
B404,Chinese
B405,Chinese
B409,Mexican
B410,Chinese
B411,Mexican
B413,Chinese
B415,Mexican
B416,Chinese
B417,Chinese
B418,Mexican
B419,Mexican
B420,Chinese
B421,Chinese
B422,Mexican
B423,Mexican
B424,Chinese
B425,Mexican
B427,Chinese
B429,Chinese
B430,Mexican
B432,Mexican
B433,Chinese
B434,Chinese
B435,Mexican
B436,Mexican
B439,Mexican
B440,Mexican
B442,Chinese
B443,Mexican
B445,Mexican
B446,Chinese
B447,Chinese
B448,Mexican
B449,Mexican
B450,Chinese
B451,Mexican
B454,Mexican
B455,Mexican
B456,Mexican
B460,Mexican
B461,Mexican
B462,Mexican
B463,Chinese
B464,Mexican
B465,Mexican
B466,Mexican
B468,Chinese
B469,Mexican
B470,Mexican
B475,Chinese
B478,Chinese
B479,Mexican
B480,Mexican
B482,Mexican
B483,Mexican
B484,Chinese
B486,Mexican
B487,Mexican
B488,Mexican
B489,Chinese
B490,Chinese
B491,Mexican
B492,Mexican
B494,Chinese
B495,Mexican
B496,Mexican
B497,Mexican
B498,Mexican
B500,Mexican
B501,Chinese
B502,Mexican
B503,Chinese
B504,Mexican
B505,Mexican
B507,Mexican
B508,Mexican
B509,Mexican
B510,Mexican
B512,Chinese
B513,Chinese
B514,Chinese
B515,Chinese
B516,Chinese
B517,Chinese
B518,Mexican
B519,Mexican
B520,Chinese
B521,Chinese
B524,Chinese
B525,Chinese
B526,Mexican
B527,Mexican
B528,Mexican
B529,Mexican
B530,Chinese
B532,Mexican
B533,Mexican
B534,Chinese
B535,Chinese
B537,Mexican
B538,Mexican
B539,Chinese
B540,Mexican
B541,Mexican
B542,Mexican
B543,Mexican
B546,Mexican
B550,Mexican
B551,Chinese
B552,Mexican
B553,Chinese
B554,Mexican
B556,Mexican
B557,Chinese
B558,Chinese
B559,Chinese
B560,Mexican
B561,Mexican
B562,Chinese
B563,Mexican
B564,Mexican
B565,Mexican
B566,Mexican
B567,Chinese
B568,Mexican
B569,Chinese
B570,Mexican
B571,Chinese
B572,Chinese
B573,Mexican
B574,Chinese
B575,Mexican
B576,Mexican
B577,Mexican
B578,Chinese
B580,Mexican
B581,Mexican
B582,Mexican
B584,Chinese
B585,Mexican
B586,Mexican
B587,Mexican
B588,Mexican
B589,Mexican
B590,Mexican
B592,Chinese
B593,Chinese
B594,Chinese
B595,Mexican
B596,Mexican
B597,Chinese
B600,Chinese
B601,Mexican
B602,Chinese
B604,Chinese
B605,Chinese
B606,Mexican
B608,Chinese
B610,Mexican
B611,Chinese
B612,Chinese
B614,Chinese
B616,Chinese
B618,Mexican
B620,Chinese
B621,Chinese
B623,Chinese
B626,Chinese
B627,Chinese
B629,Chinese
B631,Chinese
B632,Chinese
B634,Chinese
B635,Chinese
B636,Mexican
B639,Chinese
B641,Chinese
B642,Chinese
B643,Mexican
B644,Mexican
B646,Mexican
B647,Mexican
B648,Mexican
B649,Chinese
B650,Chinese
B651,Chinese
B652,Mexican
B653,Chinese
B654,Mexican
B656,Chinese
B657,Chinese
B658,Chinese
B660,Chinese
B661,Mexican
B662,Mexican
B663,Chinese
B664,Chinese
B665,Chinese
B667,Chinese
B668,Mexican
B669,Mexican
B670,Mexican
B671,Chinese
B673,Chinese
B674,Chinese
B675,Chinese
B677,Chinese
B680,Chinese
B681,Chinese
B682,Chinese
B683,Chinese
B685,Mexican
B686,Chinese
B687,Chinese
B688,Mexican
B689,Mexican
B690,Chinese
B691,Chinese
B692,Chinese
B694,Chinese
B695,Chinese
B696,Mexican
B697,Mexican
B698,Chinese
B699,Mexican
B700,Mexican
B701,Chinese
B702,Mexican
B703,Mexican
B704,Chinese
B705,Mexican
B706,Chinese
B707,Chinese
B708,Mexican
B709,Chinese
B710,Mexican
B711,Chinese
B712,Mexican
B713,Mexican
B715,Chinese
B716,Chinese
B717,Chinese
B718,Mexican
B719,Mexican
B720,Chinese
B721,Chinese
B722,Mexican
B723,Mexican
B724,Chinese
B725,Chinese
B726,Chinese
B727,Mexican
B729,Chinese
B730,Chinese
B731,Mexican
B732,Chinese
B733,Mexican
B734,Mexican
B735,Mexican
B736,Mexican
B737,Mexican
B738,Mexican
B739,Mexican
B740,Mexican
B741,Mexican
B742,Chinese
B743,Chinese
B744,Mexican
B745,Mexican
B746,Mexican
B747,Mexican
B748,Chinese
B749,Mexican
B750,Chinese
B751,Chinese
B752,Mexican
B753,Chinese
B754,Mexican
B755,Mexican
B756,Mexican
B758,Mexican
B759,Chinese
B762,Mexican
B764,Chinese
B765,Mexican
B767,Mexican
B768,Mexican
B769,Mexican
B770,Chinese
B772,Mexican
B773,Mexican
B774,Chinese
B775,Mexican
B776,Mexican
B777,Mexican
B778,Mexican
B779,Mexican
B780,Chinese
B781,Mexican
B782,Mexican
B784,Chinese
B785,Mexican
B786,Mexican
B787,Mexican
B788,Mexican
B789,Chinese
B790,Mexican
B791,Chinese
B792,Mexican
B794,Chinese
B795,Mexican
B796,Chinese
B797,Mexican
B798,Mexican
B799,Mexican
B800,Chinese
B801,Chinese
B802,Chinese
B804,Mexican
B805,Chinese
B806,Chinese
B808,Chinese
B809,Mexican
B810,Chinese
B812,Mexican
B814,Mexican
B815,Chinese
B816,Chinese
B817,Chinese
B818,Mexican
B819,Chinese
B821,Mexican
B822,Chinese
B824,Mexican
B825,Chinese
B826,Mexican
B829,Chinese
B830,Mexican
B833,Chinese
B835,Chinese
B836,Chinese
B837,Mexican
B838,Chinese
B839,Chinese
B841,Mexican
B844,Mexican
B845,Mexican
B846,Mexican
B847,Mexican
B848,Mexican
B849,Mexican
B850,Chinese
B851,Mexican
B852,Mexican
B853,Mexican
B854,Mexican
B855,Mexican
B856,Chinese
B857,Chinese
B858,Mexican
B859,Chinese
B860,Mexican
B861,Chinese
B862,Mexican
B863,Mexican
B864,Mexican
B865,Mexican
B866,Chinese
B869,Chinese
B870,Mexican
B871,Mexican
B875,Chinese
B876,Mexican
B877,Mexican
B878,Mexican
B879,Mexican
B881,Chinese
B884,Mexican
B885,Mexican
B886,Chinese
B887,Mexican
B888,Mexican
B890,Mexican
B891,Mexican
B893,Chinese
B894,Mexican
B895,Chinese
B896,Mexican
B898,Chinese
B899,Chinese
B900,Mexican
B901,Mexican
B902,Mexican
B904,Chinese
B907,Mexican
B908,Mexican
B910,Mexican
B912,Mexican
B913,Chinese
B914,Mexican
B916,Mexican
B917,Chinese
B918,Mexican
B919,Mexican
B920,Mexican
B921,Chinese
B923,Chinese
B924,Chinese
B925,Chinese
B926,Chinese
B930,Mexican
B933,Chinese
B934,Chinese
B936,Chinese
B937,Mexican
B938,Mexican
B939,Mexican
B940,Mexican
B941,Mexican
B943,Chinese
B945,Mexican
B946,Mexican
B948,Chinese
B950,Mexican
B951,Chinese
B952,Mexican
B953,Mexican
B954,Mexican
B955,Chinese
B956,Mexican
B957,Chinese
B958,Mexican
B959,Chinese
B960,Mexican
B961,Mexican
B962,Chinese
B963,Mexican
B964,Mexican
B965,Chinese
B966,Mexican
B967,Mexican
B968,Mexican
B970,Mexican
B971,Mexican
B973,Mexican
B974,Mexican
B975,Mexican
B976,Chinese
B978,Mexican
B979,Mexican
B980,Mexican
B981,Chinese
B982,Mexican
B983,Chinese
B985,Chinese
B986,Mexican
B987,Chinese
B990,Chinese
B991,Mexican
B992,Mexican
B993,Chinese
B996,Chinese
B997,Chinese
B998,Chinese
B1000,Mexican
B1001,Mexican
B1003,Chinese
B1004,Mexican
B1005,Mexican
B1006,Mexican
B1007,Chinese
B1008,Mexican
B1009,Chinese
B1011,Chinese
B1012,Mexican
B1014,Chinese
B1015,Mexican
B1016,Mexican
B1017,Mexican
B1018,Mexican
B1019,Mexican
B1021,Mexican
B1023,Mexican
B1025,Mexican
B1027,Chinese
B1028,Mexican
B1030,Mexican
B1033,Mexican
B1035,Mexican
B1036,Mexican
B1038,Mexican
B1039,Mexican
B1040,Mexican
B1041,Chinese
B1042,Chinese
B1043,Chinese
B1044,Chinese
B1045,Mexican
B1046,Chinese
B1047,Chinese
B1048,Chinese
B1049,Mexican
B1050,Mexican
B1052,Chinese
B1054,Mexican
B1056,Chinese
B1058,Chinese
B1059,Mexican
B1060,Mexican
B1061,Chinese
B1062,Mexican
B1063,Mexican
B1064,Mexican
B1065,Mexican
B1066,Mexican
B1068,Chinese
B1069,Chinese
B1070,Mexican
B1071,Mexican
B1072,Mexican
B1073,Chinese
B1074,Chinese
B1075,Mexican
B1078,Mexican
B1079,Chinese
B1080,Mexican
B1081,Mexican
B1082,Mexican
B1083,Mexican
B1085,Mexican
B1086,Mexican
B1087,Mexican
B1088,Chinese
B1089,Chinese
B1090,Chinese
B1091,Mexican
B1092,Mexican
B1095,Mexican
B1096,Mexican
B1097,Chinese
B1098,Mexican
B1099,Mexican
B1101,Mexican
B1103,Chinese
B1105,Mexican
B1106,Chinese
B1107,Mexican
B1108,Chinese
B1109,Chinese
B1111,Chinese
B1112,Mexican
B1113,Mexican
B1115,Chinese
B1116,Mexican
B1117,Chinese
B1118,Mexican
B1121,Mexican
B1122,Chinese
B1123,Chinese
B1124,Chinese
B1125,Chinese
B1126,Mexican
B1128,Mexican
B1130,Mexican
B1131,Mexican
B1133,Mexican
B1134,Mexican
B1135,Mexican
B1136,Mexican
B1137,Mexican
B1138,Chinese
B1139,Mexican
B1141,Chinese
B1143,Mexican
B1144,Chinese
B1145,Chinese
B1146,Mexican
B1147,Mexican
B1148,Mexican
B1150,Mexican
B1151,Chinese
B1153,Mexican
B1155,Chinese
B1156,Chinese
B1157,Mexican
B1158,Mexican
B1159,Mexican
B1160,Mexican
B1161,Mexican
B1162,Mexican
B1163,Chinese
B1164,Mexican
B1165,Chinese
B1166,Mexican
B1167,Mexican
B1168,Chinese
B1169,Mexican
B1171,Chinese
B1172,Chinese
B1174,Chinese
B1175,Chinese
B1177,Chinese
B1178,Mexican
B1179,Chinese
B1180,Mexican
B1181,Mexican
B1182,Mexican
B1184,Mexican
B1185,Chinese
B1187,Mexican
B1188,Chinese
B1190,Mexican
B1191,Mexican
B1192,Mexican
B1193,Mexican
B1194,Mexican
B1195,Mexican
B1197,Mexican
B1198,Mexican
B1199,Chinese
B1200,Mexican
B1201,Mexican
B1202,Mexican
B1203,Chinese
B1204,Mexican
B1205,Mexican
B1206,Chinese
B1207,Mexican
B1208,Mexican
B1210,Chinese
B1211,Chinese
B1212,Chinese
B1213,Chinese
B1214,Chinese
B1215,Chinese
B1217,Mexican
B1218,Mexican
B1219,Mexican
B1220,Mexican
B1221,Chinese
B1222,Chinese
B1224,Mexican
B1225,Chinese
B1226,Mexican
B1227,Chinese
B1228,Mexican
B1229,Mexican
B1230,Mexican
B1231,Chinese
B1232,Chinese
B1234,Mexican
B1235,Mexican
B1236,Chinese
B1237,Chinese
B1238,Mexican
B1240,Mexican
B1241,Chinese
B1242,Mexican
B1243,Chinese
B1244,Mexican
B1245,Chinese
B1246,Mexican
B1248,Chinese
B1249,Mexican
B1250,Chinese
B1251,Mexican
B1252,Chinese
B1253,Chinese
B1255,Mexican
B1256,Mexican
B1257,Chinese
B1258,Mexican
B1259,Mexican
B1260,Mexican
B1261,Mexican
B1262,Chinese
B1263,Mexican
B1264,Mexican
B1265,Chinese
B1267,Mexican
B1268,Mexican
B1269,Chinese
B1270,Mexican
B1271,Mexican
B1272,Mexican
B1273,Chinese
B1275,Mexican
B1276,Chinese
B1279,Chinese
B1280,Chinese
B1282,Mexican
B1284,Chinese
B1287,Mexican
B1288,Mexican
B1289,Chinese
B1291,Mexican
B1293,Chinese
B1295,Mexican
B1296,Mexican
B1297,Mexican
B1299,Mexican
B1301,Mexican
B1302,Mexican
B1304,Mexican
B1305,Mexican
B1306,Mexican
B1307,Chinese
B1308,Chinese
B1309,Chinese
B1310,Mexican
B1311,Mexican
B1312,Mexican
B1313,Mexican
B1315,Chinese
B1316,Chinese
B1317,Mexican
B1318,Chinese
B1319,Mexican
B1323,Mexican
B1325,Mexican
B1326,Mexican
B1328,Mexican
B1329,Mexican
B1330,Mexican
B1331,Mexican
B1332,Chinese
B1334,Mexican
B1336,Mexican
B1337,Mexican
B1338,Mexican
B1339,Chinese
B1341,Chinese
B1342,Mexican
B1344,Mexican
B1345,Chinese
B1346,Mexican
B1347,Mexican
B1348,Mexican
B1349,Mexican
B1350,Mexican
B1351,Mexican
B1352,Chinese
B1353,Chinese
B1354,Mexican
B1355,Mexican
B1356,Mexican
B1357,Mexican
B1358,Mexican
B1360,Mexican
B1361,Chinese
B1362,Mexican
B1364,Mexican
B1365,Mexican
B1367,Mexican
B1369,Mexican
B1370,Chinese
B1371,Chinese
B1374,Chinese
B1375,Mexican
B1377,Mexican
B1379,Mexican
B1380,Mexican
B1382,Mexican
B1385,Mexican
B1387,Mexican
B1388,Mexican
B1389,Mexican
B1390,Mexican
B1391,Chinese
B1393,Mexican
B1394,Chinese
B1395,Chinese
B1396,Chinese
B1399,Mexican
B1401,Mexican
B1402,Chinese
B1403,Mexican
B1405,Mexican
B1406,Chinese
B1407,Mexican
B1408,Chinese
B1409,Mexican
B1411,Mexican
B1412,Mexican
B1413,Mexican
B1414,Chinese
B1418,Chinese
B1419,Chinese
B1420,Mexican
B1421,Mexican
B1422,Chinese
B1423,Mexican
B1424,Chinese
B1425,Mexican
B1426,Mexican
B1427,Chinese
B1428,Chinese
B1429,Mexican
B1430,Mexican
B1431,Mexican
B1432,Chinese
B1436,Mexican
B1438,Chinese
B1439,Mexican
B1440,Chinese
B1441,Mexican
B1442,Mexican
B1444,Mexican
B1445,Chinese
B1446,Mexican
B1447,Chinese
B1448,Mexican
B1449,Chinese
B1450,Mexican
B1451,Mexican
B1452,Mexican
B1454,Chinese
B1455,Mexican
B1456,Chinese
B1457,Chinese
B1458,Chinese
B1459,Mexican
B1460,Mexican
B1461,Mexican
B1462,Mexican
B1463,Mexican
B1464,Mexican
B1465,Mexican
B1466,Mexican
B1467,Chinese
B1468,Mexican
B1469,Mexican
B1470,Mexican
B1471,Chinese
B1472,Chinese
B1473,Mexican
B1474,Mexican
B1475,Chinese
B1476,Chinese
B1477,Mexican
B1478,Mexican
B1480,Chinese
B1481,Mexican
B1482,Chinese
B1484,Chinese
B1486,Chinese
B1488,Mexican
B1489,Mexican
B1491,Mexican
B1492,Chinese
B1494,Mexican
B1495,Mexican
B1497,Chinese
B1498,Chinese
B1499,Mexican
B1500,Mexican
B1501,Chinese
B1502,Mexican
B1503,Mexican
B1505,Mexican
B1506,Mexican
B1507,Mexican
B1508,Chinese
B1509,Chinese
B1510,Chinese
B1511,Chinese
B1513,Chinese
B1514,Mexican
B1516,Chinese
B1517,Mexican
B1518,Mexican
B1520,Mexican
B1521,Mexican
B1522,Mexican
B1523,Chinese
B1524,Chinese
B1525,Mexican
B1526,Mexican
B1527,Mexican
B1529,Mexican
B1530,Chinese
B1531,Mexican
B1532,Chinese
B1535,Mexican
B1536,Chinese
B1537,Mexican
B1538,Mexican
B1539,Mexican
B1541,Mexican
B1542,Chinese
B1543,Chinese
B1544,Chinese
B1545,Chinese
B1546,Mexican
B1547,Mexican
B1548,Chinese
B1549,Mexican
B1550,Chinese
B1551,Chinese
B1552,Mexican
B1553,Chinese
B1555,Chinese
B1556,Mexican
B1557,Mexican
B1558,Chinese
B1559,Chinese
B1560,Chinese
B1561,Mexican
B1562,Mexican
B1563,Mexican
B1564,Mexican
B1565,Mexican
B1566,Chinese
B1567,Mexican
B1568,Mexican
B1569,Chinese
B1570,Mexican
B1571,Mexican
B1572,Mexican
B1573,Chinese
B1574,Chinese
B1575,Mexican
B1576,Mexican
B1577,Mexican
B1578,Chinese
B1579,Mexican
B1580,Mexican
B1581,Mexican
B1583,Mexican
B1584,Mexican
B1586,Mexican
B1587,Chinese
B1588,Mexican
B1589,Mexican
B1591,Chinese
B1592,Mexican
B1593,Chinese
B1594,Mexican
B1596,Mexican
B1597,Chinese
B1598,Chinese
B1599,Mexican
B1600,Mexican
B1601,Mexican
B1602,Mexican
B1603,Chinese
B1604,Mexican
B1605,Chinese
B1606,Mexican
B1607,Mexican
B1608,Mexican
B1609,Mexican
B1611,Mexican
B1612,Mexican
B1615,Chinese
B1616,Mexican
B1617,Mexican
B1621,Mexican
B1622,Mexican
B1623,Mexican
B1624,Mexican
B1625,Chinese
B1626,Mexican
B1627,Chinese
B1628,Mexican
B1629,Mexican
B1630,Chinese
B1632,Mexican
B1633,Mexican
B1634,Mexican
B1635,Chinese
B1636,Chinese
B1637,Mexican
B1638,Mexican
B1640,Mexican
B1641,Mexican
B1642,Chinese
B1644,Mexican
B1645,Chinese
B1646,Mexican
B1647,Mexican
B1648,Chinese
B1650,Mexican
B1651,Mexican
B1652,Mexican
B1653,Chinese
B1654,Mexican
B1655,Chinese
B1656,Chinese
B1658,Mexican
B1659,Mexican
B1660,Chinese
B1661,Chinese
B1663,Chinese
B1664,Mexican
B1665,Mexican
B1666,Mexican
B1667,Mexican
B1668,Mexican
B1669,Mexican
B1670,Mexican
B1671,Mexican
B1672,Chinese
B1673,Mexican
B1675,Chinese
B1676,Mexican
B1677,Mexican
B1678,Mexican
B1679,Chinese
B1680,Chinese
B1681,Mexican
B1683,Mexican
B1684,Mexican
B1685,Mexican
B1686,Mexican
B1687,Mexican
B1689,Mexican
B1690,Chinese
B1691,Chinese
B1692,Mexican
B1693,Mexican
B1694,Mexican
B1696,Mexican
B1697,Mexican
B1700,Chinese
B1701,Mexican
B1702,Mexican
B1703,Mexican
B1704,Chinese
B1705,Chinese
B1707,Chinese
B1708,Chinese
B1709,Chinese
B1710,Mexican
B1711,Mexican
B1712,Chinese
B1713,Chinese
B1714,Mexican
B1716,Chinese
B1718,Mexican
B1719,Chinese
B1720,Mexican
B1721,Mexican
B1723,Chinese
B1724,Mexican
B1725,Mexican
B1726,Chinese
B1729,Chinese
B1730,Mexican
B1731,Chinese
B1732,Chinese
B1733,Chinese
B1734,Chinese
B1735,Mexican
B1736,Mexican
B1737,Mexican
B1738,Mexican
B1739,Mexican
B1741,Chinese
B1742,Chinese
B1743,Chinese
B1744,Chinese
B1745,Chinese
B1746,Chinese
B1747,Chinese
B1748,Chinese
B1750,Chinese
B1751,Chinese
B1752,Chinese
B1753,Chinese
B1754,Chinese
B1755,Chinese
B1756,Chinese
B1757,Mexican
B1758,Chinese
B1759,Mexican
B1760,Mexican
B1761,Chinese
B1762,Chinese
B1763,Chinese
B1764,Chinese
B1765,Mexican
B1767,Chinese
B1768,Chinese
B1769,Chinese
B1770,Chinese
B1771,Chinese
B1772,Chinese
B1773,Chinese
B1774,Chinese
B1775,Chinese
B1776,Chinese
B1777,Chinese
B1778,Mexican
B1779,Mexican
B1781,Chinese
B1783,Chinese
B1784,Chinese
B1785,Chinese
B1787,Chinese
B1788,Mexican
B1790,Chinese
B1792,Chinese
B1793,Chinese
B1794,Chinese
B1796,Chinese
B1797,Chinese
B1798,Mexican
B1799,Chinese
B1800,Chinese
B1801,Chinese
B1802,Mexican
B1803,Chinese
B1804,Chinese
B1805,Chinese
B1806,Chinese
B1807,Mexican
B1808,Chinese
B1810,Chinese
B1811,Chinese
B1812,Mexican
B1813,Chinese
B1815,Chinese
B1816,Chinese
B1818,Chinese
B1819,Chinese
B1821,Chinese
B1822,Chinese
B1823,Chinese
B1824,Chinese
B1825,Chinese
B1826,Chinese
B1827,Chinese
B1828,Chinese
B1829,Chinese
B1830,Chinese
B1831,Chinese
B1832,Chinese
B1833,Chinese
B1834,Chinese
B1835,Chinese
B1836,Mexican
B1837,Mexican
B1838,Mexican
B1839,Mexican
B1842,Mexican
B1843,Mexican
B1844,Chinese
B1845,Chinese
B1846,Mexican
B1847,Chinese
B1848,Mexican
B1849,Mexican
B1850,Mexican
B1851,Chinese
B1852,Mexican
B1853,Chinese
B1854,Chinese
B1855,Mexican
B1860,Mexican
B1862,Mexican
B1863,Mexican
B1864,Chinese
B1866,Chinese
B1867,Chinese
B1868,Mexican
B1869,Mexican
B1870,Mexican
B1871,Chinese
B1872,Mexican
B1873,Chinese
B1874,Mexican
B1876,Mexican
B1877,Mexican
B1880,Chinese
B1881,Mexican
B1882,Chinese
B1883,Mexican
B1884,Chinese
B1885,Mexican
B1886,Chinese
B1887,Mexican
B1888,Chinese
B1889,Mexican
B1890,Chinese
B1891,Mexican
B1892,Chinese
B1893,Mexican
B1894,Chinese
B1895,Mexican
B1896,Chinese
B1898,Chinese
B1899,Chinese
B1901,Chinese
B1902,Chinese
B1903,Chinese
B1906,Chinese
B1907,Chinese
B1908,Mexican
B1909,Chinese
B1910,Chinese
B1912,Chinese
B1913,Chinese
B1914,Chinese
B1915,Mexican
B1916,Chinese
B1919,Mexican
B1920,Chinese
B1921,Chinese
B1922,Chinese
B1924,Mexican
B1925,Mexican
B1926,Chinese
B1927,Chinese
B1928,Mexican
B1929,Chinese
B1930,Chinese
B1931,Chinese
B1932,Chinese
B1933,Chinese
B1935,Chinese
B1936,Chinese
B1937,Chinese
B1938,Chinese
B1939,Chinese
B1940,Chinese
B1941,Mexican
B1942,Mexican
B1943,Mexican
B1944,Chinese
B1945,Mexican
B1946,Mexican
B1948,Mexican
B1949,Mexican
B1950,Mexican
B1952,Mexican
B1953,Chinese
B1956,Chinese
B1957,Mexican
B1958,Mexican
B1959,Chinese
B1960,Chinese
B1961,Chinese
B1962,Mexican
B1963,Chinese
B1964,Mexican
B1966,Mexican
B1967,Mexican
B1968,Mexican
B1969,Chinese
B1970,Chinese
B1972,Mexican
B1973,Chinese
B1974,Chinese
B1975,Chinese
B1977,Mexican
B1978,Chinese
B1979,Chinese
B1980,Mexican
B1981,Chinese
B1982,Mexican
B1983,Mexican
B1984,Chinese
B1986,Mexican
B1987,Chinese
B1988,Mexican
B1989,Chinese
B1990,Mexican
B1991,Chinese
B1992,Mexican
B1993,Chinese
B1994,Chinese
B1995,Chinese
B1996,Chinese
B1997,Mexican
B1999,Chinese
B2000,Mexican
B2001,Chinese
B2002,Chinese
B2003,Chinese
B2004,Mexican
B2005,Chinese
B2007,Mexican
B2009,Mexican
B2011,Mexican
B2012,Mexican
B2013,Chinese
B2014,Mexican
B2015,Mexican
B2017,Mexican
B2018,Mexican
B2019,Chinese
B2020,Mexican
B2021,Mexican
B2022,Chinese
B2024,Chinese
B2025,Mexican
B2026,Mexican
B2028,Mexican
B2029,Mexican
B2030,Chinese
B2031,Mexican
B2032,Mexican
B2033,Chinese
B2034,Mexican
B2035,Mexican
B2036,Mexican
B2037,Mexican
B2038,Mexican
B2039,Chinese
B2040,Chinese
B2041,Chinese
B2043,Chinese
B2044,Mexican
B2046,Mexican
B2047,Mexican
B2048,Mexican
B2049,Chinese
B2050,Chinese
B2051,Mexican
B2053,Mexican
B2054,Mexican
B2055,Mexican
B2056,Chinese
B2057,Mexican
B2058,Chinese
B2059,Mexican
B2060,Mexican
B2061,Chinese
B2063,Chinese
B2064,Mexican
B2065,Chinese
B2066,Chinese
B2069,Mexican
B2070,Chinese
B2071,Mexican
B2072,Mexican
B2073,Mexican
B2074,Mexican
B2076,Mexican
B2077,Chinese
B2078,Mexican
B2079,Mexican
B2080,Mexican
B2081,Chinese
B2083,Mexican
B2084,Mexican
B2085,Chinese
B2086,Mexican
B2087,Mexican
B2088,Chinese
B2090,Mexican
B2091,Chinese
B2092,Mexican
B2093,Chinese
B2094,Mexican
B2095,Chinese
B2096,Mexican
B2097,Mexican
B2098,Mexican
B2100,Mexican
B2102,Chinese
B2103,Chinese
B2104,Mexican
B2105,Mexican
B2106,Mexican
B2107,Mexican
B2108,Mexican
B2109,Mexican
B2110,Mexican
B2111,Mexican
B2112,Mexican
B2114,Mexican
B2115,Chinese
B2117,Chinese
B2119,Chinese
B2120,Mexican
B2121,Mexican
B2122,Mexican
B2123,Mexican
B2125,Mexican
B2126,Mexican
B2127,Mexican
B2128,Chinese
B2130,Mexican
B2131,Mexican
B2132,Mexican
B2133,Chinese
B2134,Chinese
B2137,Mexican
B2138,Chinese
B2139,Mexican
B2140,Mexican
B2141,Chinese
B2142,Chinese
B2143,Chinese
B2144,Mexican
B2146,Chinese
B2147,Chinese
B2148,Mexican
B2149,Mexican
B2150,Chinese
B2152,Mexican
B2153,Chinese
B2155,Mexican
B2156,Mexican
B2157,Mexican
B2158,Chinese
B2159,Chinese
B2160,Chinese
B2162,Chinese
B2163,Mexican
B2165,Chinese
B2166,Mexican
B2167,Mexican
B2168,Mexican
B2169,Chinese
B2170,Chinese
B2171,Mexican
B2172,Mexican
B2173,Mexican
B2174,Mexican
B2175,Mexican
B2177,Mexican
B2178,Mexican
B2179,Mexican
B2180,Chinese
B2181,Mexican
B2182,Mexican
B2184,Chinese
B2185,Chinese
B2188,Chinese
B2189,Mexican
B2190,Chinese
B2191,Mexican
B2192,Chinese
B2193,Mexican
B2194,Mexican
B2195,Chinese
B2198,Mexican
B2199,Chinese
B2200,Mexican
B2203,Chinese
B2204,Mexican
B2206,Chinese
B2207,Chinese
B2208,Chinese
B2209,Chinese
B2210,Mexican
B2211,Mexican
B2212,Chinese
B2213,Mexican
B2214,Mexican
B2215,Mexican
B2216,Chinese
B2217,Mexican
B2218,Chinese
B2219,Chinese
B2220,Chinese
B2222,Mexican
B2223,Chinese
B2224,Chinese
B2226,Chinese
B2227,Mexican
B2230,Chinese
B2231,Mexican
B2232,Mexican
B2234,Chinese
B2236,Chinese
B2237,Mexican
B2238,Mexican
B2239,Mexican
B2240,Mexican
B2241,Mexican
B2243,Mexican
B2244,Mexican
B2245,Mexican
B2246,Mexican
B2247,Chinese
B2248,Chinese
B2250,Mexican
B2251,Mexican
B2252,Chinese
B2253,Mexican
B2254,Chinese
B2255,Chinese
B2256,Chinese
B2258,Mexican
B2259,Chinese
B2260,Mexican
B2261,Mexican
B2262,Mexican
B2263,Mexican
B2264,Chinese
B2265,Mexican
B2267,Mexican
B2268,Mexican
B2272,Mexican
B2273,Chinese
B2274,Mexican
B2276,Mexican
B2277,Chinese
B2278,Mexican
B2280,Chinese
B2282,Chinese
B2283,Mexican
B2284,Chinese
B2286,Mexican
B2287,Mexican
B2289,Mexican
B2291,Mexican
B2292,Mexican
B2293,Mexican
B2294,Chinese
B2295,Mexican
B2296,Mexican
B2297,Mexican
B2298,Chinese
B2299,Mexican
B2300,Mexican
B2301,Chinese
B2302,Mexican
B2303,Mexican
B2304,Mexican
B2305,Mexican
B2306,Chinese
B2307,Mexican
B2309,Mexican
B2310,Mexican
B2311,Mexican
B2313,Mexican
B2315,Mexican
B2316,Mexican
B2317,Mexican
B2318,Mexican
B2319,Mexican
B2320,Mexican
B2321,Mexican
B2322,Mexican
B2323,Mexican
B2325,Mexican
B2326,Mexican
B2327,Mexican
B2328,Mexican
B2329,Mexican
B2330,Chinese
B2331,Chinese
B2332,Mexican
B2334,Mexican
B2335,Mexican
B2336,Mexican
B2337,Chinese
B2338,Mexican
B2339,Mexican
B2340,Mexican
B2341,Chinese
B2343,Mexican
B2344,Mexican
B2345,Chinese
B2346,Chinese
B2347,Mexican
B2348,Mexican
B2349,Chinese
B2350,Mexican
B2351,Mexican
B2352,Mexican
B2354,Mexican
B2355,Mexican
B2356,Mexican
B2357,Mexican
B2358,Mexican
B2359,Mexican
B2362,Mexican
B2363,Mexican
B2364,Mexican
B2366,Chinese
B2368,Mexican
B2369,Chinese
B2372,Mexican
B2375,Mexican
B2376,Chinese
B2377,Mexican
B2378,Mexican
B2379,Mexican
B2382,Mexican
B2384,Mexican
B2385,Chinese
B2387,Mexican
B2388,Mexican
B2389,Mexican
B2390,Mexican
B2392,Mexican
B2393,Chinese
B2394,Mexican
B2395,Chinese
B2396,Chinese
B2397,Mexican
B2398,Mexican
B2399,Mexican
B2400,Chinese
B2401,Mexican
B2403,Mexican
B2404,Mexican
B2405,Mexican
B2406,Mexican
B2407,Chinese
B2408,Mexican
B2411,Mexican
B2412,Chinese
B2413,Mexican
B2414,Chinese
B2415,Chinese
B2416,Mexican
B2417,Mexican
B2418,Mexican
B2419,Chinese
B2420,Mexican
B2421,Chinese
B2422,Mexican
B2423,Mexican
B2424,Mexican
B2425,Chinese
B2426,Chinese
B2427,Mexican
B2428,Chinese
B2429,Mexican
B2431,Mexican
B2432,Mexican
B2433,Chinese
B2436,Mexican
B2437,Chinese
B2438,Mexican
B2439,Mexican
B2440,Chinese
B2441,Mexican
B2442,Mexican
B2443,Mexican
B2446,Mexican
B2447,Mexican
B2448,Chinese
B2449,Mexican
B2451,Mexican
B2452,Mexican
B2453,Mexican
B2455,Chinese
B2456,Mexican
B2459,Mexican
B2460,Mexican
B2462,Chinese
B2463,Chinese
B2464,Mexican
B2465,Mexican
B2466,Chinese
B2467,Mexican
B2468,Mexican
B2469,Chinese
B2470,Chinese
B2472,Chinese
B2473,Chinese
B2474,Mexican
B2475,Mexican
B2476,Mexican
B2478,Chinese
B2479,Chinese
B2483,Chinese
B2484,Mexican
B2485,Chinese
B2486,Chinese
B2487,Chinese
B2488,Chinese
B2489,Chinese
B2490,Mexican
B2491,Chinese
B2492,Mexican
B2494,Chinese
B2496,Chinese
B2497,Mexican
B2498,Chinese
B2500,Mexican
B2501,Chinese
B2502,Chinese
B2503,Mexican
B2507,Chinese
B2508,Mexican
B2509,Chinese
B2511,Mexican
B2512,Chinese
B2513,Mexican
B2514,Mexican
B2515,Mexican
B2518,Chinese
B2519,Mexican
B2522,Chinese
B2523,Chinese
B2525,Mexican
B2526,Mexican
B2527,Mexican
B2528,Mexican
B2529,Chinese
B2531,Chinese
B2532,Mexican
B2533,Chinese
B2535,Mexican
B2537,Chinese
B2539,Mexican
B2540,Mexican
B2541,Mexican
B2542,Chinese
B2543,Chinese
B2544,Chinese
B2546,Mexican
B2547,Chinese
B2548,Chinese
B2549,Chinese
B2551,Mexican
B2553,Chinese
B2554,Mexican
B2555,Mexican
B2557,Chinese
B2558,Mexican
B2559,Chinese
B2563,Chinese
B2565,Chinese
B2567,Chinese
B2568,Chinese
B2569,Chinese
B2571,Mexican
B2572,Chinese
B2574,Chinese
B2575,Mexican
B2576,Mexican
B2578,Chinese
B2579,Chinese
B2580,Mexican
B2581,Chinese
B2582,Mexican
B2583,Chinese
B2584,Mexican
B2585,Mexican
B2586,Mexican
B2587,Mexican
B2589,Chinese
B2590,Chinese
B2591,Mexican
B2592,Mexican
B2597,Chinese
B2598,Chinese
B2599,Mexican
B2600,Mexican
B2601,Mexican
B2603,Mexican
B2604,Mexican
B2605,Mexican
B2606,Mexican
B2608,Chinese
B2609,Mexican
B2610,Mexican
B2612,Mexican
B2613,Chinese
B2614,Mexican
B2616,Chinese
B2617,Mexican
B2618,Chinese
B2622,Chinese
B2624,Mexican
B2625,Mexican
B2626,Mexican
B2628,Mexican
B2629,Chinese
B2630,Chinese
B2631,Chinese
B2632,Chinese
B2634,Chinese
B2635,Chinese
B2636,Mexican
B2637,Mexican
B2638,Mexican
B2639,Chinese
B2640,Mexican
B2641,Chinese
B2642,Chinese
B2643,Mexican
B2644,Mexican
B2646,Chinese
B2647,Mexican
B2650,Mexican
B2653,Mexican
B2654,Mexican
B2655,Mexican
B2656,Chinese
B2658,Chinese
B2659,Mexican
B2661,Chinese
B2662,Mexican
B2663,Chinese
B2664,Mexican
B2665,Mexican
B2666,Mexican
B2667,Mexican
B2668,Mexican
B2669,Mexican
B2670,Mexican
B2671,Chinese
B2672,Chinese
B2674,Mexican
B2675,Chinese
B2676,Mexican
B2678,Mexican
B2679,Mexican
B2681,Mexican
B2683,Chinese
B2684,Mexican
B2686,Mexican
B2687,Mexican
B2688,Mexican
B2689,Mexican
B2690,Chinese
B2691,Mexican
B2692,Chinese
B2693,Chinese
B2694,Chinese
B2695,Chinese
B2697,Chinese
B2698,Mexican
B2699,Chinese
B2700,Chinese
B2701,Mexican
B2703,Mexican
B2704,Mexican
B2705,Chinese
B2706,Mexican
B2707,Mexican
B2708,Mexican
B2709,Mexican
B2710,Chinese
B2711,Chinese
B2712,Mexican
B2713,Chinese
B2714,Mexican
B2715,Mexican
B2717,Chinese
B2718,Mexican
B2720,Mexican
B2721,Mexican
B2722,Mexican
B2723,Mexican
B2724,Mexican
B2725,Mexican
B2726,Chinese
B2729,Chinese
B2730,Mexican
B2731,Mexican
B2732,Chinese
B2734,Mexican
B2735,Chinese
B2737,Mexican
B2738,Chinese
B2739,Chinese
B2740,Mexican
B2741,Chinese
B2743,Mexican
B2744,Mexican
B2747,Mexican
B2748,Mexican
B2749,Mexican
B2750,Chinese
B2751,Mexican
B2753,Chinese
B2755,Mexican
B2756,Mexican
B2757,Mexican
B2758,Mexican
B2759,Mexican
B2760,Mexican
B2761,Mexican
B2763,Mexican
B2764,Chinese
B2766,Mexican
B2768,Mexican
B2769,Mexican
B2770,Mexican
B2772,Mexican
B2773,Mexican
B2776,Mexican
B2778,Mexican
B2779,Mexican
B2780,Mexican
B2781,Chinese
B2782,Mexican
B2783,Mexican
B2784,Mexican
B2785,Chinese
B2786,Mexican
B2787,Chinese
B2788,Mexican
B2790,Mexican
B2794,Chinese
B2795,Chinese
B2796,Mexican
B2797,Mexican
B2798,Mexican
B2799,Chinese
B2800,Chinese
B2801,Chinese
B2802,Chinese
B2804,Chinese
B2805,Chinese
B2806,Chinese
B2807,Chinese
B2808,Chinese
B2810,Mexican
B2811,Mexican
B2813,Chinese
B2815,Chinese
B2816,Mexican
B2817,Mexican
B2818,Mexican
B2820,Mexican
B2821,Chinese
B2822,Mexican
B2823,Chinese
B2824,Chinese
B2825,Mexican
B2826,Mexican
B2827,Mexican
B2828,Chinese
B2829,Mexican
B2830,Mexican
B2832,Mexican
B2833,Mexican
B2835,Mexican
B2836,Mexican
B2837,Chinese
B2838,Chinese
B2840,Chinese
B2841,Mexican
B2842,Mexican
B2843,Mexican
B2844,Chinese
B2845,Chinese
B2846,Mexican
B2847,Mexican
B2848,Chinese
B2849,Mexican
B2850,Mexican
B2851,Mexican
B2852,Mexican
B2853,Chinese
B2854,Mexican
B2855,Mexican
B2856,Chinese
B2857,Chinese
B2858,Mexican
B2859,Mexican
B2860,Chinese
B2861,Mexican
B2863,Chinese
B2864,Chinese
B2865,Mexican
B2866,Chinese
B2867,Chinese
B2868,Mexican
B2872,Chinese
B2873,Mexican
B2874,Chinese
B2876,Chinese
B2877,Chinese
B2878,Mexican
B2879,Chinese
B2880,Mexican
B2881,Chinese
B2882,Chinese
B2884,Chinese
B2885,Mexican
B2886,Mexican
B2888,Chinese
B2889,Mexican
B2890,Chinese
B2891,Mexican
B2892,Chinese
B2893,Chinese
B2894,Chinese
B2895,Mexican
B2896,Mexican
B2898,Mexican
B2899,Chinese
B2900,Mexican
B2901,Chinese
B2902,Chinese
B2903,Mexican
B2904,Mexican
B2905,Mexican
B2907,Chinese
B2908,Mexican
B2909,Mexican
B2910,Mexican
B2911,Mexican
B2912,Chinese
B2914,Mexican
B2915,Mexican
B2916,Mexican
B2917,Mexican
B2918,Chinese
B2919,Mexican
B2920,Mexican
B2921,Chinese
B2922,Mexican
B2924,Mexican
B2925,Chinese
B2926,Mexican
B2928,Mexican
B2929,Chinese
B2930,Mexican
B2931,Chinese
B2932,Chinese
B2933,Mexican
B2934,Mexican
B2935,Mexican
B2936,Chinese
B2937,Mexican
B2938,Mexican
B2939,Chinese
B2940,Chinese
B2941,Mexican
B2942,Mexican
B2943,Chinese
B2944,Mexican
B2945,Mexican
B2946,Mexican
B2947,Mexican
B2948,Mexican
B2949,Mexican
B2950,Chinese
B2952,Mexican
B2953,Mexican
B2954,Mexican
B2955,Chinese
B2956,Mexican
B2958,Mexican
B2959,Chinese
B2960,Mexican
B2961,Chinese
B2962,Chinese
B2963,Chinese
B2964,Mexican
B2965,Chinese
B2966,Chinese
B2968,Mexican
B2969,Mexican
B2970,Mexican
B2972,Mexican
B2973,Mexican
B2974,Mexican
B2975,Chinese
B2976,Chinese
B2977,Mexican
B2978,Mexican
B2979,Chinese
B2980,Chinese
B2982,Mexican
B2986,Chinese
B2987,Chinese
B2988,Mexican
B2989,Mexican
B2990,Mexican
B2992,Chinese
B2993,Mexican
B2994,Mexican
B2995,Chinese
B2996,Mexican
B2997,Mexican
B2998,Mexican
B2999,Chinese
B3000,Mexican
B3002,Mexican
B3003,Mexican
B3004,Mexican
B3005,Mexican
B3006,Mexican
B3007,Mexican
B3008,Mexican
B3009,Mexican
B3010,Mexican
B3011,Mexican
B3014,Chinese
B3015,Mexican
B3016,Chinese
B3017,Mexican
B3018,Mexican
B3019,Chinese
B3020,Mexican
B3021,Mexican
B3023,Chinese
B3024,Mexican
B3026,Chinese
B3027,Mexican
B3028,Chinese
B3029,Mexican
B3030,Chinese
B3031,Mexican
B3032,Mexican
B3033,Mexican
B3034,Mexican
B3035,Chinese
B3036,Mexican
B3037,Mexican
B3038,Chinese
B3039,Mexican
B3040,Chinese
B3041,Mexican
B3042,Chinese
B3043,Mexican
B3044,Mexican
B3045,Mexican
B3046,Chinese
B3047,Mexican
B3048,Chinese
B3049,Mexican
B3050,Chinese
B3051,Mexican
B3052,Mexican
B3053,Mexican
B3054,Mexican
B3055,Mexican
B3056,Mexican
B3057,Mexican
B3058,Mexican
B3059,Chinese
B3060,Mexican
B3061,Chinese
B3062,Mexican
B3065,Chinese
B3066,Mexican
B3067,Mexican
B3068,Chinese
B3069,Mexican
B3070,Mexican
B3071,Mexican
B3072,Mexican
B3074,Mexican
B3075,Chinese
B3076,Chinese
B3077,Chinese
B3078,Mexican
B3079,Chinese
B3080,Chinese
B3081,Mexican
B3082,Chinese
B3084,Chinese
B3085,Mexican
B3086,Mexican
B3087,Mexican
B3089,Mexican
B3090,Chinese
B3091,Chinese
B3092,Mexican
B3093,Mexican
B3094,Mexican
B3095,Chinese
B3096,Mexican
B3097,Chinese
B3098,Mexican
B3099,Chinese
B3100,Mexican
B3101,Chinese
B3103,Mexican
B3104,Chinese
B3105,Mexican
B3106,Mexican
B3108,Mexican
B3109,Mexican
B3110,Mexican
B3112,Mexican
B3113,Mexican
B3114,Mexican
B3115,Mexican
B3116,Chinese
B3117,Chinese
B3118,Mexican
B3119,Mexican
B3122,Mexican
B3123,Mexican
B3124,Chinese
B3125,Mexican
B3126,Mexican
B3127,Mexican
B3128,Mexican
B3129,Mexican
B3130,Mexican
B3131,Chinese
B3132,Chinese
B3133,Mexican
B3134,Mexican
B3135,Mexican
B3136,Mexican
B3139,Mexican
B3140,Mexican
B3141,Mexican
B3142,Mexican
B3144,Mexican
B3145,Mexican
B3146,Mexican
B3147,Mexican
B3148,Chinese
B3149,Mexican
B3150,Chinese
B3153,Mexican
B3154,Mexican
B3156,Mexican
B3157,Mexican
B3158,Mexican
B3159,Chinese
B3160,Chinese
B3161,Chinese
B3163,Chinese
B3164,Mexican
B3165,Mexican
B3166,Mexican
B3167,Mexican
B3168,Chinese
B3169,Mexican
B3170,Chinese
B3171,Mexican
B3172,Mexican
B3173,Mexican
B3174,Mexican
B3175,Mexican
B3176,Mexican
B3177,Chinese
B3178,Mexican
B3180,Mexican
B3181,Chinese
B3182,Mexican
B3183,Mexican
B3184,Mexican
B3185,Mexican
B3187,Mexican
B3188,Mexican
B3189,Chinese
B3192,Chinese
B3193,Chinese
B3194,Chinese
B3195,Mexican
B3196,Mexican
B3198,Mexican
B3199,Mexican
B3200,Chinese
B3201,Mexican
B3203,Mexican
B3204,Chinese
B3205,Chinese
B3206,Mexican
B3207,Mexican
B3208,Mexican
B3209,Mexican
B3210,Mexican
B3212,Mexican
B3214,Chinese
B3216,Mexican
B3217,Mexican
B3218,Mexican
B3220,Chinese
B3221,Chinese
B3222,Mexican
B3223,Mexican
B3224,Chinese
B3225,Chinese
B3226,Mexican
B3227,Mexican
B3229,Mexican
B3231,Mexican
B3234,Mexican
B3235,Mexican
B3236,Chinese
B3237,Mexican
B3238,Chinese
B3240,Mexican
B3241,Chinese
B3243,Mexican
B3244,Mexican
B3245,Mexican
B3246,Chinese
B3248,Chinese
B3249,Mexican
B3250,Mexican
B3251,Mexican
B3252,Chinese
B3254,Mexican
B3256,Mexican
B3259,Mexican
B3260,Chinese
B3261,Chinese
B3262,Mexican
B3263,Mexican
B3264,Mexican
B3265,Chinese
B3266,Mexican
B3267,Chinese
B3268,Mexican
B3269,Mexican
B3270,Mexican
B3271,Chinese
B3272,Chinese
B3274,Mexican
B3275,Chinese
B3276,Mexican
B3277,Mexican
B3278,Mexican
B3279,Mexican
B3281,Mexican
B3282,Mexican
B3284,Mexican
B3287,Mexican
B3288,Mexican
B3289,Mexican
B3290,Chinese
B3291,Chinese
B3292,Chinese
B3293,Mexican
B3294,Chinese
B3295,Mexican
B3297,Mexican
B3298,Chinese
B3299,Mexican
B3301,Chinese
B3302,Mexican
B3303,Mexican
B3304,Chinese
B3305,Chinese
B3306,Mexican
B3307,Mexican
B3308,Mexican
B3310,Chinese
B3311,Mexican
B3312,Mexican
B3313,Mexican
B3314,Mexican
B3316,Mexican
B3317,Chinese
B3318,Mexican
B3319,Chinese
B3320,Mexican
B3323,Mexican
B3324,Mexican
B3326,Chinese
B3327,Chinese
B3328,Chinese
B3330,Chinese
B3331,Mexican
B3332,Mexican
B3333,Chinese
B3334,Mexican
B3336,Chinese
B3338,Mexican
B3339,Chinese
B3341,Mexican
B3342,Mexican
B3343,Mexican
B3345,Chinese
B3346,Mexican
B3349,Mexican
B3351,Mexican
B3353,Mexican
B3354,Mexican
B3355,Chinese
B3356,Chinese
B3357,Mexican
B3358,Mexican
B3359,Mexican
B3360,Mexican
B3361,Mexican
B3362,Mexican
B3364,Mexican
B3366,Chinese
B3368,Chinese
B3369,Chinese
B3370,Mexican
B3371,Mexican
B3372,Chinese
B3373,Mexican
B3374,Chinese
B3376,Mexican
B3377,Mexican
B3378,Chinese
B3379,Mexican
B3380,Mexican
B3381,Mexican
B3382,Chinese
B3385,Chinese
B3386,Mexican
B3387,Chinese
B3389,Mexican
B3391,Chinese
B3392,Chinese
B3394,Chinese
B3395,Mexican
B3396,Mexican
B3397,Mexican
B3398,Mexican
B3399,Chinese
B3400,Mexican
B3401,Mexican
B3402,Chinese
B3404,Mexican
B3406,Mexican
B3407,Chinese
B3408,Mexican
B3409,Mexican
B3410,Chinese
B3411,Chinese
B3412,Mexican
B3413,Chinese
B3414,Mexican
B3415,Chinese
B3416,Mexican
B3417,Mexican
B3419,Chinese
B3420,Chinese
B3424,Chinese
B3425,Chinese
B3426,Chinese
B3428,Mexican
B3429,Mexican
B3431,Mexican
B3432,Mexican
B3433,Chinese
B3434,Mexican
B3435,Mexican
B3436,Mexican
B3437,Chinese
B3438,Mexican
B3439,Mexican
B3440,Mexican
B3442,Mexican
B3443,Mexican
B3445,Chinese
B3446,Mexican
B3448,Chinese
B3449,Mexican
B3452,Mexican
B3453,Chinese
B3454,Mexican
B3455,Mexican
B3456,Mexican
B3457,Chinese
B3459,Mexican
B3460,Mexican
B3461,Mexican
B3462,Chinese
B3463,Mexican
B3467,Mexican
B3468,Chinese
B3469,Mexican
B3470,Mexican
B3471,Mexican
B3474,Chinese
B3475,Mexican
B3476,Mexican
B3477,Mexican
B3478,Chinese
B3479,Mexican
B3480,Chinese
B3481,Mexican
B3482,Chinese
B3483,Chinese
B3484,Chinese
B3486,Chinese
B3487,Chinese
B3488,Mexican
B3489,Chinese
B3491,Mexican
B3492,Mexican
B3493,Chinese
B3495,Chinese
B3496,Mexican
B3497,Chinese
B3498,Chinese
B3501,Mexican
B3502,Chinese
B3503,Mexican
B3504,Mexican
B3505,Mexican
B3506,Mexican
B3507,Chinese
B3509,Chinese
B3510,Chinese
B3512,Mexican
B3513,Chinese
B3514,Mexican
B3515,Chinese
B3516,Mexican
B3517,Chinese
B3518,Chinese
B3520,Mexican
B3522,Mexican
B3523,Mexican
B3525,Mexican
B3526,Mexican
B3527,Mexican
B3528,Mexican
B3529,Mexican
B3530,Chinese
B3531,Mexican
B3532,Chinese
B3536,Chinese
B3539,Chinese
B3540,Chinese
B3542,Chinese
B3545,Chinese
B3546,Mexican
B3547,Mexican
B3548,Mexican
B3550,Mexican
B3551,Chinese
B3553,Mexican
B3554,Mexican
B3556,Mexican
B3557,Mexican
B3558,Mexican
B3560,Mexican
B3561,Mexican
B3562,Mexican
B3563,Mexican
B3565,Chinese
B3566,Mexican
B3567,Mexican
B3568,Mexican
B3569,Mexican
B3571,Mexican
B3572,Chinese
B3574,Mexican
B3575,Mexican
B3577,Mexican
B3578,Chinese
B3579,Chinese
B3580,Mexican
B3581,Mexican
B3583,Chinese
B3584,Mexican
B3585,Mexican
B3586,Mexican
B3588,Mexican
B3589,Chinese
B3590,Mexican
B3591,Mexican
B3592,Mexican
B3593,Chinese
B3594,Mexican
B3595,Mexican
B3598,Mexican
B3599,Mexican
B3602,Mexican
B3603,Chinese
B3605,Chinese
B3606,Mexican
B3607,Mexican
B3609,Mexican
B3612,Chinese
B3613,Chinese
B3614,Mexican
B3615,Mexican
B3616,Mexican
B3617,Mexican
B3618,Mexican
B3619,Chinese
B3620,Mexican
B3621,Chinese
B3622,Mexican
B3624,Mexican
B3625,Mexican
B3626,Chinese
B3627,Chinese
B3628,Mexican
B3631,Mexican
B3632,Mexican
B3633,Mexican
B3634,Mexican
B3635,Chinese
B3638,Mexican
B3639,Mexican
B3640,Mexican
B3641,Mexican
B3643,Mexican
B3644,Mexican
B3645,Mexican
B3646,Mexican
B3647,Mexican
B3648,Mexican
B3649,Chinese
B3650,Mexican
B3651,Mexican
B3652,Mexican
B3653,Chinese
B3654,Mexican
B3655,Chinese
B3656,Mexican
B3659,Mexican
B3660,Mexican
B3661,Chinese
B3662,Chinese
B3664,Mexican
B3666,Mexican
B3669,Mexican
B3672,Chinese
B3673,Chinese
B3674,Mexican
B3675,Chinese
B3676,Mexican
B3677,Mexican
B3678,Chinese
B3679,Chinese
B3680,Mexican
B3681,Mexican
B3682,Mexican
B3684,Mexican
B3685,Chinese
B3686,Chinese
B3687,Chinese
B3689,Chinese
B3690,Chinese
B3691,Chinese
B3692,Chinese
B3693,Mexican
B3694,Chinese
B3695,Mexican
B3696,Chinese
B3698,Mexican
B3699,Mexican
B3700,Mexican
B3701,Mexican
B3702,Mexican
B3703,Mexican
B3704,Chinese
B3705,Chinese
B3706,Mexican
B3707,Mexican
B3709,Mexican
B3710,Chinese
B3711,Chinese
B3712,Mexican
B3713,Mexican
B3714,Mexican
B3715,Mexican
B3716,Chinese
B3717,Mexican
B3718,Chinese
B3719,Chinese
B3720,Mexican
B3721,Mexican
B3724,Mexican
B3725,Mexican
B3726,Mexican
B3727,Mexican
B3728,Chinese
B3729,Mexican
B3730,Mexican
B3733,Mexican
B3735,Chinese
B3738,Chinese
B3740,Mexican
B3741,Mexican
B3744,Mexican
B3745,Mexican
B3746,Chinese
B3747,Mexican
B3748,Mexican
B3750,Mexican
B3751,Mexican
B3752,Chinese
B3753,Mexican
B3754,Mexican
B3755,Chinese
B3756,Mexican
B3757,Mexican
B3758,Mexican
B3759,Chinese
B3760,Chinese
B3761,Mexican
B3762,Chinese
B3763,Mexican
B3764,Chinese
B3765,Mexican
B3767,Chinese
B3768,Mexican
B3770,Chinese
B3772,Chinese
B3774,Chinese
B3775,Mexican
B3776,Mexican
B3777,Chinese
B3778,Mexican
B3779,Mexican
B3780,Mexican
B3781,Chinese
B3782,Mexican
B3783,Mexican
B3784,Chinese
B3785,Chinese
B3786,Mexican
B3787,Mexican
B3788,Chinese
B3789,Mexican
B3790,Chinese
B3791,Mexican
B3792,Mexican
B3794,Mexican
B3795,Mexican
B3796,Mexican
B3797,Mexican
B3798,Mexican
B3799,Chinese
B3800,Mexican
B3801,Mexican
B3802,Mexican
B3804,Chinese
B3805,Mexican
B3806,Chinese
B3807,Mexican
B3809,Mexican
B3810,Chinese
B3811,Mexican
B3812,Mexican
B3813,Mexican
B3814,Chinese
B3816,Mexican
B3818,Chinese
B3819,Chinese
B3821,Mexican
B3822,Mexican
B3823,Chinese
B3825,Mexican
B3826,Mexican
B3827,Chinese
B3828,Mexican
B3829,Mexican
B3830,Chinese
B3833,Chinese
B3834,Chinese
B3835,Mexican
B3836,Mexican
B3837,Chinese
B3838,Mexican
B3840,Chinese
B3841,Mexican
B3844,Mexican
B3845,Mexican
B3846,Mexican
B3847,Mexican
B3849,Mexican
B3851,Mexican
B3852,Mexican
B3853,Mexican
B3854,Chinese
B3855,Chinese
B3856,Chinese
B3857,Mexican
B3858,Mexican
B3859,Mexican
B3860,Mexican
B3861,Mexican
B3864,Chinese
B3865,Mexican
B3866,Chinese
B3867,Mexican
B3868,Mexican
B3869,Mexican
B3870,Chinese
B3871,Mexican
B3872,Mexican
B3874,Chinese
B3876,Chinese
B3877,Chinese
B3878,Mexican
B3879,Mexican
B3880,Chinese
B3881,Mexican
B3882,Chinese
B3883,Mexican
B3885,Mexican
B3886,Chinese
B3887,Mexican
B3888,Mexican
B3891,Mexican
B3893,Mexican
B3894,Mexican
B3895,Mexican
B3896,Mexican
B3897,Mexican
B3898,Chinese
B3899,Chinese
B3900,Mexican
B3901,Mexican
B3902,Mexican
B3904,Mexican
B3905,Chinese
B3906,Chinese
B3908,Mexican
B3910,Mexican
B3911,Mexican
B3912,Chinese
B3913,Mexican
B3914,Mexican
B3915,Mexican
B3916,Mexican
B3917,Chinese
B3918,Mexican
B3921,Mexican
B3922,Mexican
B3923,Mexican
B3924,Mexican
B3925,Chinese
B3926,Mexican
B3927,Mexican
B3928,Mexican
B3930,Mexican
B3932,Mexican
B3933,Chinese
B3934,Mexican
B3935,Mexican
B3936,Mexican
B3937,Mexican
B3938,Mexican
B3939,Mexican
B3940,Mexican
B3941,Mexican
B3942,Mexican
B3943,Mexican
B3944,Chinese
B3946,Chinese
B3948,Mexican
B3950,Mexican
B3951,Mexican
B3952,Mexican
B3953,Mexican
B3954,Chinese
B3955,Chinese
B3956,Mexican
B3957,Mexican
B3958,Chinese
B3959,Mexican
B3960,Mexican
B3961,Chinese
B3962,Mexican
B3963,Chinese
B3964,Chinese
B3966,Chinese
B3967,Chinese
B3968,Chinese
B3969,Mexican
B3971,Mexican
B3972,Mexican
B3973,Chinese
B3974,Mexican
B3975,Chinese
B3977,Chinese
B3978,Mexican
B3979,Mexican
B3980,Chinese
B3981,Mexican
B3983,Mexican
B3984,Mexican
B3985,Chinese
B3986,Mexican
B3987,Chinese
B3989,Mexican
B3990,Mexican
B3991,Mexican
B3992,Mexican
B3993,Chinese
B3995,Chinese
B3997,Mexican
B3998,Mexican
B3999,Chinese
B4000,Chinese
B4001,Mexican
B4002,Chinese
B4003,Mexican
B4005,Mexican
B4006,Mexican
B4007,Mexican
B4008,Mexican
B4011,Mexican
B4012,Mexican
B4013,Mexican
B4014,Mexican
B4015,Mexican
B4018,Chinese
B4019,Mexican
B4020,Mexican
B4022,Mexican
B4023,Mexican
B4024,Mexican
B4025,Mexican
B4026,Mexican
B4027,Mexican
B4028,Chinese
B4029,Mexican
B4030,Mexican
B4031,Mexican
B4033,Mexican
B4035,Mexican
B4036,Mexican
B4037,Chinese
B4038,Mexican
B4039,Mexican
B4040,Mexican
B4042,Mexican
B4044,Chinese
B4045,Mexican
B4046,Chinese
B4047,Chinese
B4048,Mexican
B4049,Chinese
B4053,Mexican
B4054,Mexican
B4056,Mexican
B4057,Mexican
B4058,Mexican
B4059,Mexican
B4060,Mexican
B4061,Chinese
B4062,Mexican
B4065,Chinese
B4066,Mexican
B4068,Mexican
B4069,Mexican
B4070,Chinese
B4071,Mexican
B4073,Mexican
B4074,Chinese
B4076,Mexican
B4078,Mexican
B4079,Mexican
B4080,Mexican
B4081,Mexican
B4082,Mexican
B4083,Mexican
B4084,Mexican
B4086,Mexican
B4087,Mexican
B4088,Mexican
B4089,Mexican
B4090,Mexican
B4091,Mexican
B4092,Chinese
B4094,Mexican
B4095,Mexican
B4096,Mexican
B4097,Mexican
B4098,Mexican
B4100,Mexican
B4101,Mexican
B4102,Mexican
B4106,Chinese
B4108,Mexican
B4110,Mexican
B4111,Chinese
B4112,Chinese
B4113,Mexican
B4114,Mexican
B4116,Mexican
B4117,Mexican
B4118,Mexican
B4120,Mexican
B4121,Chinese
B4122,Chinese
B4123,Mexican
B4124,Mexican
B4126,Chinese
B4127,Mexican
B4128,Chinese
B4129,Mexican
B4130,Mexican
B4132,Mexican
B4133,Mexican
B4134,Mexican
B4135,Mexican
B4136,Mexican
B4137,Mexican
B4139,Mexican
B4140,Mexican
B4142,Mexican
B4144,Mexican
B4145,Mexican
B4146,Chinese
B4147,Chinese
B4148,Chinese
B4149,Chinese
B4150,Mexican
B4151,Mexican
B4152,Chinese
B4153,Chinese
B4154,Chinese
B4155,Mexican
B4156,Mexican
B4157,Mexican
B4158,Chinese
B4159,Mexican
B4160,Chinese
B4161,Mexican
B4162,Mexican
B4163,Chinese
B4164,Mexican
B4166,Mexican
B4168,Chinese
B4169,Mexican
B4170,Chinese
B4171,Mexican
B4173,Chinese
B4174,Mexican
B4176,Chinese
B4178,Mexican
B4179,Mexican
B4180,Chinese
B4181,Mexican
B4183,Chinese
B4184,Mexican
B4185,Chinese
B4186,Chinese
B4187,Mexican
B4188,Mexican
B4190,Mexican
B4192,Mexican
B4193,Mexican
B4194,Mexican
B4195,Chinese
B4196,Mexican
B4198,Chinese
B4199,Mexican
B4200,Mexican
B4202,Chinese
B4203,Chinese
B4204,Mexican
B4206,Mexican
B4207,Mexican
B4208,Mexican
B4209,Chinese
B4210,Chinese
B4212,Mexican
B4213,Mexican
B4214,Mexican
B4215,Chinese
B4217,Mexican
B4218,Mexican
B4219,Mexican
B4220,Mexican
B4221,Mexican
B4222,Mexican
B4223,Chinese
B4224,Chinese
B4227,Mexican
B4228,Mexican
B4230,Mexican
B4231,Mexican
B4232,Mexican
B4233,Mexican
B4234,Mexican
B4235,Mexican
B4236,Chinese
B4237,Mexican
B4238,Mexican
B4239,Mexican
B4240,Chinese
B4241,Mexican
B4243,Chinese
B4245,Mexican
B4246,Chinese
B4247,Mexican
B4248,Mexican
B4250,Mexican
B4251,Mexican
B4252,Chinese
B4253,Mexican
B4254,Mexican
B4255,Chinese
B4256,Mexican
B4257,Mexican
B4259,Mexican
B4260,Chinese
B4261,Chinese
B4262,Mexican
B4263,Mexican
B4264,Chinese
B4265,Chinese
B4266,Mexican
B4267,Mexican
B4268,Mexican
B4269,Chinese
B4270,Mexican
B4271,Mexican
B4272,Mexican
B4274,Chinese
B4275,Mexican
B4276,Chinese
B4277,Chinese
B4278,Mexican
B4280,Mexican
B4282,Mexican
B4284,Chinese
B4285,Mexican
B4286,Chinese
B4288,Chinese
B4291,Mexican
B4292,Mexican
B4293,Mexican
B4294,Mexican
B4295,Mexican
B4296,Chinese
B4297,Chinese
B4299,Chinese
B4300,Chinese
B4301,Chinese
B4302,Mexican
B4303,Mexican
B4305,Mexican
B4308,Mexican
B4309,Mexican
B4310,Mexican
B4311,Mexican
B4312,Mexican
B4313,Mexican
B4314,Mexican
B4315,Mexican
B4316,Mexican
B4317,Chinese
B4318,Chinese
B4319,Mexican
B4320,Chinese
B4321,Mexican
B4322,Mexican
B4323,Mexican
B4325,Chinese
B4326,Mexican
B4327,Mexican
B4328,Mexican
B4329,Mexican
B4330,Mexican
B4331,Mexican
B4332,Mexican
B4333,Mexican
B4334,Mexican
B4337,Chinese
B4338,Mexican
B4340,Mexican
B4341,Mexican
B4342,Mexican
B4343,Mexican
B4344,Mexican
B4345,Mexican
B4346,Mexican
B4347,Mexican
B4349,Mexican
B4350,Mexican
B4351,Mexican
B4352,Mexican
B4353,Mexican
B4355,Chinese
B4356,Mexican
B4357,Mexican
B4358,Mexican
B4359,Mexican
B4360,Chinese
B4361,Mexican
B4362,Mexican
B4363,Chinese
B4365,Mexican
B4366,Mexican
B4367,Mexican
B4368,Mexican
B4369,Mexican
B4370,Chinese
B4371,Mexican
B4372,Mexican
B4373,Chinese
B4374,Chinese
B4375,Chinese
B4377,Chinese
B4378,Mexican
B4379,Mexican
B4380,Mexican
B4381,Mexican
B4383,Mexican
B4384,Chinese
B4386,Mexican
B4387,Mexican
B4388,Mexican
B4389,Chinese
B4390,Mexican
B4391,Mexican
B4392,Mexican
B4393,Mexican
B4394,Mexican
B4396,Mexican
B4397,Chinese
B4398,Mexican
B4399,Mexican
B4400,Mexican
B4401,Mexican
B4402,Chinese
B4403,Chinese
B4404,Mexican
B4406,Mexican
